[{"model": "admin.logentry", "pk": 1, "fields": {"action_time": "2024-02-26T13:59:58.264Z", "user": 1, "content_type": 8, "object_id": "6", "object_repr": "Amazon Echo Dot 3rd Generation", "action_flag": 2, "change_message": "[{\"changed\": {\"fields\": [\"User\"]}}]"}}, {"model": "admin.logentry", "pk": 2, "fields": {"action_time": "2024-02-26T14:00:05.622Z", "user": 1, "content_type": 8, "object_id": "5", "object_repr": "Logitech G-Series Gaming Mouse", "action_flag": 2, "change_message": "[{\"changed\": {\"fields\": [\"User\"]}}]"}}, {"model": "admin.logentry", "pk": 3, "fields": {"action_time": "2024-02-26T14:00:13.046Z", "user": 1, "content_type": 8, "object_id": "4", "object_repr": "Sony Playstation 4 Pro White Version", "action_flag": 2, "change_message": "[{\"changed\": {\"fields\": [\"User\"]}}]"}}, {"model": "admin.logentry", "pk": 4, "fields": {"action_time": "2024-02-26T14:00:16.951Z", "user": 1, "content_type": 8, "object_id": "3", "object_repr": "Cannon EOS 80D DSLR Camera", "action_flag": 2, "change_message": "[{\"changed\": {\"fields\": [\"User\"]}}]"}}, {"model": "admin.logentry", "pk": 5, "fields": {"action_time": "2024-02-26T14:00:21.711Z", "user": 1, "content_type": 8, "object_id": "2", "object_repr": "iPhone 11 Pro 256GB Memory", "action_flag": 2, "change_message": "[{\"changed\": {\"fields\": [\"User\"]}}]"}}, {"model": "admin.logentry", "pk": 6, "fields": {"action_time": "2024-02-26T14:00:25.295Z", "user": 1, "content_type": 8, "object_id": "1", "object_repr": "Airpods Wireless Bluetooth Headphones", "action_flag": 2, "change_message": "[{\"changed\": {\"fields\": [\"User\"]}}]"}}, {"model": "admin.logentry", "pk": 7, "fields": {"action_time": "2024-02-27T10:24:49.586Z", "user": 1, "content_type": 7, "object_id": "1", "object_repr": "root@gmail.com", "action_flag": 2, "change_message": "[{\"changed\": {\"fields\": [\"First name\"]}}]"}}, {"model": "admin.logentry", "pk": 8, "fields": {"action_time": "2024-03-04T11:09:05.572Z", "user": 1, "content_type": 10, "object_id": "1", "object_repr": "2024-02-29 15:23:34.081680+00:00", "action_flag": 2, "change_message": "[{\"changed\": {\"fields\": [\"Is paid\"]}}]"}}, {"model": "admin.logentry", "pk": 9, "fields": {"action_time": "2024-03-04T11:17:27.938Z", "user": 1, "content_type": 10, "object_id": "1", "object_repr": "2024-02-29 15:23:34.081680+00:00", "action_flag": 2, "change_message": "[{\"changed\": {\"fields\": [\"Paid at\"]}}]"}}, {"model": "admin.logentry", "pk": 10, "fields": {"action_time": "2024-03-11T15:43:39.518Z", "user": 1, "content_type": 8, "object_id": "6", "object_repr": "Amazon Echo Dot 3rd Generation", "action_flag": 2, "change_message": "[]"}}, {"model": "admin.logentry", "pk": 11, "fields": {"action_time": "2024-03-11T15:44:40.818Z", "user": 1, "content_type": 9, "object_id": "1", "object_repr": "2", "action_flag": 1, "change_message": "[{\"added\": {}}]"}}, {"model": "admin.logentry", "pk": 12, "fields": {"action_time": "2024-03-11T16:21:54.607Z", "user": 1, "content_type": 9, "object_id": "4", "object_repr": "2", "action_flag": 3, "change_message": ""}}, {"model": "admin.logentry", "pk": 13, "fields": {"action_time": "2024-03-11T16:21:54.611Z", "user": 1, "content_type": 9, "object_id": "3", "object_repr": "2", "action_flag": 3, "change_message": ""}}, {"model": "admin.logentry", "pk": 14, "fields": {"action_time": "2024-03-11T16:21:54.614Z", "user": 1, "content_type": 9, "object_id": "2", "object_repr": "2", "action_flag": 3, "change_message": ""}}, {"model": "admin.logentry", "pk": 15, "fields": {"action_time": "2024-03-11T16:21:54.617Z", "user": 1, "content_type": 9, "object_id": "1", "object_repr": "2", "action_flag": 3, "change_message": ""}}, {"model": "admin.logentry", "pk": 16, "fields": {"action_time": "2024-03-11T16:28:55.223Z", "user": 1, "content_type": 9, "object_id": "5", "object_repr": "2", "action_flag": 3, "change_message": ""}}, {"model": "admin.logentry", "pk": 17, "fields": {"action_time": "2024-03-11T16:30:38.632Z", "user": 1, "content_type": 9, "object_id": "6", "object_repr": "2", "action_flag": 3, "change_message": ""}}, {"model": "admin.logentry", "pk": 18, "fields": {"action_time": "2024-03-11T16:31:38.752Z", "user": 1, "content_type": 9, "object_id": "7", "object_repr": "2", "action_flag": 3, "change_message": ""}}, {"model": "admin.logentry", "pk": 19, "fields": {"action_time": "2024-03-13T08:30:49.496Z", "user": 1, "content_type": 9, "object_id": "14", "object_repr": "3", "action_flag": 3, "change_message": ""}}, {"model": "admin.logentry", "pk": 20, "fields": {"action_time": "2024-03-13T08:31:24.431Z", "user": 1, "content_type": 8, "object_id": "6", "object_repr": "Amazon Echo Dot 3rd Generation", "action_flag": 2, "change_message": "[{\"changed\": {\"fields\": [\"Rating\", \"Num reviews\"]}}]"}}, {"model": "admin.logentry", "pk": 21, "fields": {"action_time": "2024-03-14T05:35:45.076Z", "user": 1, "content_type": 9, "object_id": "8", "object_repr": "2", "action_flag": 3, "change_message": ""}}, {"model": "auth.permission", "pk": 1, "fields": {"name": "Can add log entry", "content_type": 1, "codename": "add_logentry"}}, {"model": "auth.permission", "pk": 2, "fields": {"name": "Can change log entry", "content_type": 1, "codename": "change_logentry"}}, {"model": "auth.permission", "pk": 3, "fields": {"name": "Can delete log entry", "content_type": 1, "codename": "delete_logentry"}}, {"model": "auth.permission", "pk": 4, "fields": {"name": "Can view log entry", "content_type": 1, "codename": "view_logentry"}}, {"model": "auth.permission", "pk": 5, "fields": {"name": "Can add permission", "content_type": 2, "codename": "add_permission"}}, {"model": "auth.permission", "pk": 6, "fields": {"name": "Can change permission", "content_type": 2, "codename": "change_permission"}}, {"model": "auth.permission", "pk": 7, "fields": {"name": "Can delete permission", "content_type": 2, "codename": "delete_permission"}}, {"model": "auth.permission", "pk": 8, "fields": {"name": "Can view permission", "content_type": 2, "codename": "view_permission"}}, {"model": "auth.permission", "pk": 9, "fields": {"name": "Can add group", "content_type": 3, "codename": "add_group"}}, {"model": "auth.permission", "pk": 10, "fields": {"name": "Can change group", "content_type": 3, "codename": "change_group"}}, {"model": "auth.permission", "pk": 11, "fields": {"name": "Can delete group", "content_type": 3, "codename": "delete_group"}}, {"model": "auth.permission", "pk": 12, "fields": {"name": "Can view group", "content_type": 3, "codename": "view_group"}}, {"model": "auth.permission", "pk": 13, "fields": {"name": "Can add content type", "content_type": 4, "codename": "add_contenttype"}}, {"model": "auth.permission", "pk": 14, "fields": {"name": "Can change content type", "content_type": 4, "codename": "change_contenttype"}}, {"model": "auth.permission", "pk": 15, "fields": {"name": "Can delete content type", "content_type": 4, "codename": "delete_contenttype"}}, {"model": "auth.permission", "pk": 16, "fields": {"name": "Can view content type", "content_type": 4, "codename": "view_contenttype"}}, {"model": "auth.permission", "pk": 17, "fields": {"name": "Can add session", "content_type": 5, "codename": "add_session"}}, {"model": "auth.permission", "pk": 18, "fields": {"name": "Can change session", "content_type": 5, "codename": "change_session"}}, {"model": "auth.permission", "pk": 19, "fields": {"name": "Can delete session", "content_type": 5, "codename": "delete_session"}}, {"model": "auth.permission", "pk": 20, "fields": {"name": "Can view session", "content_type": 5, "codename": "view_session"}}, {"model": "auth.permission", "pk": 21, "fields": {"name": "Can add group", "content_type": 6, "codename": "add_group"}}, {"model": "auth.permission", "pk": 22, "fields": {"name": "Can change group", "content_type": 6, "codename": "change_group"}}, {"model": "auth.permission", "pk": 23, "fields": {"name": "Can delete group", "content_type": 6, "codename": "delete_group"}}, {"model": "auth.permission", "pk": 24, "fields": {"name": "Can view group", "content_type": 6, "codename": "view_group"}}, {"model": "auth.permission", "pk": 25, "fields": {"name": "Can add user", "content_type": 7, "codename": "add_user"}}, {"model": "auth.permission", "pk": 26, "fields": {"name": "Can change user", "content_type": 7, "codename": "change_user"}}, {"model": "auth.permission", "pk": 27, "fields": {"name": "Can delete user", "content_type": 7, "codename": "delete_user"}}, {"model": "auth.permission", "pk": 28, "fields": {"name": "Can view user", "content_type": 7, "codename": "view_user"}}, {"model": "auth.permission", "pk": 29, "fields": {"name": "Can add product", "content_type": 8, "codename": "add_product"}}, {"model": "auth.permission", "pk": 30, "fields": {"name": "Can change product", "content_type": 8, "codename": "change_product"}}, {"model": "auth.permission", "pk": 31, "fields": {"name": "Can delete product", "content_type": 8, "codename": "delete_product"}}, {"model": "auth.permission", "pk": 32, "fields": {"name": "Can view product", "content_type": 8, "codename": "view_product"}}, {"model": "auth.permission", "pk": 33, "fields": {"name": "Can add review", "content_type": 9, "codename": "add_review"}}, {"model": "auth.permission", "pk": 34, "fields": {"name": "Can change review", "content_type": 9, "codename": "change_review"}}, {"model": "auth.permission", "pk": 35, "fields": {"name": "Can delete review", "content_type": 9, "codename": "delete_review"}}, {"model": "auth.permission", "pk": 36, "fields": {"name": "Can view review", "content_type": 9, "codename": "view_review"}}, {"model": "auth.permission", "pk": 37, "fields": {"name": "Can add order", "content_type": 10, "codename": "add_order"}}, {"model": "auth.permission", "pk": 38, "fields": {"name": "Can change order", "content_type": 10, "codename": "change_order"}}, {"model": "auth.permission", "pk": 39, "fields": {"name": "Can delete order", "content_type": 10, "codename": "delete_order"}}, {"model": "auth.permission", "pk": 40, "fields": {"name": "Can view order", "content_type": 10, "codename": "view_order"}}, {"model": "auth.permission", "pk": 41, "fields": {"name": "Can add order item", "content_type": 11, "codename": "add_orderitem"}}, {"model": "auth.permission", "pk": 42, "fields": {"name": "Can change order item", "content_type": 11, "codename": "change_orderitem"}}, {"model": "auth.permission", "pk": 43, "fields": {"name": "Can delete order item", "content_type": 11, "codename": "delete_orderitem"}}, {"model": "auth.permission", "pk": 44, "fields": {"name": "Can view order item", "content_type": 11, "codename": "view_orderitem"}}, {"model": "auth.permission", "pk": 45, "fields": {"name": "Can add shipping address", "content_type": 12, "codename": "add_shippingaddress"}}, {"model": "auth.permission", "pk": 46, "fields": {"name": "Can change shipping address", "content_type": 12, "codename": "change_shippingaddress"}}, {"model": "auth.permission", "pk": 47, "fields": {"name": "Can delete shipping address", "content_type": 12, "codename": "delete_shippingaddress"}}, {"model": "auth.permission", "pk": 48, "fields": {"name": "Can view shipping address", "content_type": 12, "codename": "view_shippingaddress"}}, {"model": "auth.permission", "pk": 49, "fields": {"name": "Can add order", "content_type": 13, "codename": "add_order"}}, {"model": "auth.permission", "pk": 50, "fields": {"name": "Can change order", "content_type": 13, "codename": "change_order"}}, {"model": "auth.permission", "pk": 51, "fields": {"name": "Can delete order", "content_type": 13, "codename": "delete_order"}}, {"model": "auth.permission", "pk": 52, "fields": {"name": "Can view order", "content_type": 13, "codename": "view_order"}}, {"model": "auth.permission", "pk": 53, "fields": {"name": "Can add order item", "content_type": 14, "codename": "add_orderitem"}}, {"model": "auth.permission", "pk": 54, "fields": {"name": "Can change order item", "content_type": 14, "codename": "change_orderitem"}}, {"model": "auth.permission", "pk": 55, "fields": {"name": "Can delete order item", "content_type": 14, "codename": "delete_orderitem"}}, {"model": "auth.permission", "pk": 56, "fields": {"name": "Can view order item", "content_type": 14, "codename": "view_orderitem"}}, {"model": "auth.permission", "pk": 57, "fields": {"name": "Can add shipping address", "content_type": 15, "codename": "add_shippingaddress"}}, {"model": "auth.permission", "pk": 58, "fields": {"name": "Can change shipping address", "content_type": 15, "codename": "change_shippingaddress"}}, {"model": "auth.permission", "pk": 59, "fields": {"name": "Can delete shipping address", "content_type": 15, "codename": "delete_shippingaddress"}}, {"model": "auth.permission", "pk": 60, "fields": {"name": "Can view shipping address", "content_type": 15, "codename": "view_shippingaddress"}}, {"model": "contenttypes.contenttype", "pk": 1, "fields": {"app_label": "admin", "model": "logentry"}}, {"model": "contenttypes.contenttype", "pk": 2, "fields": {"app_label": "auth", "model": "permission"}}, {"model": "contenttypes.contenttype", "pk": 3, "fields": {"app_label": "auth", "model": "group"}}, {"model": "contenttypes.contenttype", "pk": 4, "fields": {"app_label": "contenttypes", "model": "contenttype"}}, {"model": "contenttypes.contenttype", "pk": 5, "fields": {"app_label": "sessions", "model": "session"}}, {"model": "contenttypes.contenttype", "pk": 6, "fields": {"app_label": "accounts", "model": "group"}}, {"model": "contenttypes.contenttype", "pk": 7, "fields": {"app_label": "accounts", "model": "user"}}, {"model": "contenttypes.contenttype", "pk": 8, "fields": {"app_label": "products", "model": "product"}}, {"model": "contenttypes.contenttype", "pk": 9, "fields": {"app_label": "products", "model": "review"}}, {"model": "contenttypes.contenttype", "pk": 10, "fields": {"app_label": "orders", "model": "order"}}, {"model": "contenttypes.contenttype", "pk": 11, "fields": {"app_label": "orders", "model": "orderitem"}}, {"model": "contenttypes.contenttype", "pk": 12, "fields": {"app_label": "orders", "model": "shippingaddress"}}, {"model": "contenttypes.contenttype", "pk": 13, "fields": {"app_label": "products", "model": "order"}}, {"model": "contenttypes.contenttype", "pk": 14, "fields": {"app_label": "products", "model": "orderitem"}}, {"model": "contenttypes.contenttype", "pk": 15, "fields": {"app_label": "products", "model": "shippingaddress"}}, {"model": "sessions.session", "pk": "emm7ftrb3ig7qixse81odi49kzrp9lv5", "fields": {"session_data": ".eJxVjDsOwjAQBe_iGlnyd21Kes5grb1rHECOFCcV4u4QKQW0b2beSyTc1pa2wUuaSJyFEqffLWN5cN8B3bHfZlnmvi5TlrsiDzrkdSZ-Xg7376DhaN-6uuxNwJirJnYBDWofDaBj0BVD8AS5grIWIoFlb7la5StEZ6MmXcT7A-1SN9A:1rjhnP:hOeXnyDmyhNjybXtKJtCO1YWj4tcXDPN6ugUwJn6N-E", "expire_date": "2024-03-25T15:42:35.920Z"}}, {"model": "sessions.session", "pk": "sgokjiukp2se4nd0mgbxztqiqefkarf6", "fields": {"session_data": ".eJxVjDsOwjAQBe_iGlnyd21Kes5grb1rHECOFCcV4u4QKQW0b2beSyTc1pa2wUuaSJyFEqffLWN5cN8B3bHfZlnmvi5TlrsiDzrkdSZ-Xg7376DhaN-6uuxNwJirJnYBDWofDaBj0BVD8AS5grIWIoFlb7la5StEZ6MmXcT7A-1SN9A:1rebW9:WDkQhMXTQRseIiw0tCEyC10WrIlaR0S8yqvbqHfKmiU", "expire_date": "2024-03-11T13:59:41.003Z"}}, {"model": "accounts.user", "pk": 1, "fields": {"password": "pbkdf2_sha256$720000$MvKjVJpwgTGg1Yfl3S1mRE$a3K+iJIM3AqwocrLHJCIsLXlUw/eV23jpn/wEXUYCrE=", "last_login": "2024-03-11T15:42:35.917Z", "is_superuser": true, "first_name": "Robert", "last_name": "Altman", "is_staff": true, "is_active": true, "date_joined": "2024-02-26T13:51:26Z", "email": "root@gmail.com", "groups": [], "user_permissions": []}}, {"model": "accounts.user", "pk": 2, "fields": {"password": "pbkdf2_sha256$720000$kLl2ywx4uOGA2bAsvmmDDN$ExtobpVSp5gr+861qTxTNHJPN8aNLOJbOQS/sJbMLWg=", "last_login": null, "is_superuser": false, "first_name": "Mehdi", "last_name": "Mirzaie", "is_staff": false, "is_active": true, "date_joined": "2024-02-27T10:49:13.236Z", "email": "mehdi@gmail.com", "groups": [], "user_permissions": []}}, {"model": "accounts.user", "pk": 3, "fields": {"password": "pbkdf2_sha256$720000$mRTQPA8QLXl5NjYwQkouVI$vnG5d1JnBpjLJTljk/w+kJmOaoHNitEc4smBEVXQ+1M=", "last_login": null, "is_superuser": false, "first_name": "Steve", "last_name": "Rogers", "is_staff": false, "is_active": true, "date_joined": "2024-02-27T11:13:29.519Z", "email": "steve@gmail.com", "groups": [], "user_permissions": []}}, {"model": "products.product", "pk": 1, "fields": {"user": 1, "name": "Airpods Wireless Bluetooth Headphones", "image": "airpods.jpg", "brand": "Apple", "category": "Electronics", "description": "Bluetooth technology lets you connect it with compatible devices wirelessly High-quality AAC audio offers immersive listening experience Built-in microphone allows you to take calls while working", "rating": "4.33", "num_reviews": 3, "price": "85.99", "count_in_stock": 8, "created_at": "2023-07-26T12:30:29.927Z"}}, {"model": "products.product", "pk": 2, "fields": {"user": 1, "name": "iPhone 11 Pro 256GB Memory", "image": "phone.jpg", "brand": "Apple", "category": "Electronics", "description": "Introducing the iPhone 11 Pro. A transformative triple-camera system that adds tons of capability without complexity. An unprecedented leap in battery life", "rating": "5.00", "num_reviews": 1, "price": "599.99", "count_in_stock": 5, "created_at": "2023-07-26T12:48:54.296Z"}}, {"model": "products.product", "pk": 3, "fields": {"user": 1, "name": "Cannon EOS 80D DSLR Camera", "image": "camera.jpg", "brand": "Cannon", "category": "Electronics", "description": "Characterized by versatile imaging specs, the Canon EOS 80D further clarifies itself using a pair of robust focusing systems and an intuitive design", "rating": "4.00", "num_reviews": 2, "price": "929.99", "count_in_stock": 4, "created_at": "2023-07-26T12:50:10.291Z"}}, {"model": "products.product", "pk": 4, "fields": {"user": 1, "name": "Sony Playstation 4 Pro White Version", "image": "playstation.jpg", "brand": "Sony", "category": "Electronics", "description": "The ultimate home entertainment center starts with PlayStation. Whether you are into gaming, HD movies, television, music", "rating": "4.00", "num_reviews": 1, "price": "399.99", "count_in_stock": 6, "created_at": "2023-07-26T12:51:15.324Z"}}, {"model": "products.product", "pk": 5, "fields": {"user": 1, "name": "Logitech G-Series Gaming Mouse", "image": "mouse.jpg", "brand": "Logitech", "category": "Electronics", "description": "Get a better handle on your games with this Logitech LIGHTSYNC gaming mouse. The six programmable buttons allow customization for a smooth playing experience", "rating": "2.00", "num_reviews": 1, "price": "49.99", "count_in_stock": 5, "created_at": "2023-07-26T12:52:18.432Z"}}, {"model": "products.product", "pk": 6, "fields": {"user": 1, "name": "Amazon Echo Dot 3rd Generation", "image": "alexa.jpg", "brand": "Amazon", "category": "Electronics", "description": "Meet Echo Dot - Our most popular smart speaker with a fabric design. It is our most compact smart speaker that fits perfectly into small space", "rating": "0.00", "num_reviews": 0, "price": "29.99", "count_in_stock": 0, "created_at": "2023-07-26T12:53:25.377Z"}}, {"model": "products.product", "pk": 7, "fields": {"user": 1, "name": "iPhone 12 mini 256 GB - Weiß (ohne Vertrag)", "image": "iphone-12_2.jpg", "brand": "Apple", "category": "Electronics", "description": "Original publication: October 2020\r\n\r\nWithout SIM Lock, without SIM, model A23991\r\n\r\n5.4\" Super Retina XDR display with OLED\r\n\r\nA14 Bionic Chip with 16-Core Neural Engine\r\n\r\nVideo playback: up to 15 hours\r\n\r\n5G, Gigabit LTE and 802.11ax WLAN with 2x2 MIMO\r\n\r\nBluetooth 5.0\r\n\r\nNFC with reading mode", "rating": null, "num_reviews": 0, "price": "607.99", "count_in_stock": 5, "created_at": "2024-03-14T15:33:00.225Z"}}, {"model": "products.product", "pk": 8, "fields": {"user": 1, "name": "Refurbished 13.3\" MacBook Air CPU M1", "image": "refurb-macbook-air-silver-m1.jpg", "brand": "Apple", "category": "Electronics", "description": "Original publication: November 2020\r\n\r\n13.3\" display (33.78 cm diagonal) with LED background lighting and IPS technology, native resolution of 2560 x 1600 pixels at 227 ppi\r\n\r\n16GB shared RAM\r\n\r\n2TB SSD1\r\n\r\nTouch ID sensor\r\n\r\n720p FaceTime HD camera", "rating": null, "num_reviews": 0, "price": "1839.00", "count_in_stock": 10, "created_at": "2024-03-14T15:47:01.362Z"}}, {"model": "products.review", "pk": 9, "fields": {"product": 1, "user": 2, "name": "mark", "rating": 3, "comment": "I like this product it has been a month that I bought this and I'm completely satsfied with it", "created_at": "2024-03-11T17:08:52.727Z"}}, {"model": "products.review", "pk": 10, "fields": {"product": 2, "user": 2, "name": "Mehdi Mirzaie", "rating": 5, "comment": "Loved it!", "created_at": "2024-03-12T10:58:34.671Z"}}, {"model": "products.review", "pk": 11, "fields": {"product": 3, "user": 2, "name": "Mehdi Mirzaie", "rating": 3, "comment": "", "created_at": "2024-03-12T11:00:48.002Z"}}, {"model": "products.review", "pk": 12, "fields": {"product": 1, "user": 3, "name": "Steve Rogers", "rating": 5, "comment": "", "created_at": "2024-03-12T11:01:26.447Z"}}, {"model": "products.review", "pk": 13, "fields": {"product": 4, "user": 2, "name": "Mehdi Mirzaie", "rating": 4, "comment": "", "created_at": "2024-03-12T19:50:28.105Z"}}, {"model": "products.review", "pk": 15, "fields": {"product": 5, "user": 1, "name": "Robert Altman", "rating": 2, "comment": "Actually it is not that bad but I don't recommend it to anyone 🤣", "created_at": "2024-03-13T08:27:38.355Z"}}, {"model": "products.review", "pk": 16, "fields": {"product": 3, "user": 1, "name": "Robert Altman", "rating": 5, "comment": "It's a great product.", "created_at": "2024-03-14T05:34:20.876Z"}}, {"model": "products.review", "pk": 17, "fields": {"product": 1, "user": 1, "name": "Robert Altman", "rating": 5, "comment": "The quality of the sound is marvelous", "created_at": "2024-03-14T05:35:51.976Z"}}, {"model": "orders.order", "pk": 1, "fields": {"user": 2, "payment_method": "PayPal", "tax_price": "109.06", "shipping_price": "0.00", "total_price": "1439.04", "is_paid": true, "paid_at": "2024-03-04T11:17:27Z", "is_delivered": true, "delivered_at": "2024-03-12T19:46:40.171Z", "created_at": "2024-02-29T15:23:34.081Z"}}, {"model": "orders.order", "pk": 2, "fields": {"user": 2, "payment_method": "PayPal", "tax_price": "32.80", "shipping_price": "0.00", "total_price": "432.79", "is_paid": true, "paid_at": "2024-03-04T12:31:23.971Z", "is_delivered": false, "delivered_at": null, "created_at": "2024-02-29T15:33:47.954Z"}}, {"model": "orders.order", "pk": 3, "fields": {"user": 2, "payment_method": "PayPal", "tax_price": "36.90", "shipping_price": "0.00", "total_price": "486.88", "is_paid": true, "paid_at": "2024-03-05T12:26:35.547Z", "is_delivered": false, "delivered_at": null, "created_at": "2024-02-29T15:53:35.899Z"}}, {"model": "orders.order", "pk": 4, "fields": {"user": 2, "payment_method": "PayPal", "tax_price": "7.05", "shipping_price": "10.00", "total_price": "103.04", "is_paid": true, "paid_at": "2024-03-12T19:48:53.133Z", "is_delivered": false, "delivered_at": null, "created_at": "2024-03-04T11:13:40.849Z"}}, {"model": "orders.order", "pk": 5, "fields": {"user": 3, "payment_method": "PayPal", "tax_price": "43.95", "shipping_price": "0.00", "total_price": "579.92", "is_paid": true, "paid_at": "2024-03-05T12:52:43.509Z", "is_delivered": false, "delivered_at": null, "created_at": "2024-03-05T12:52:00.438Z"}}, {"model": "orders.order", "pk": 6, "fields": {"user": 3, "payment_method": "PayPal", "tax_price": "32.80", "shipping_price": "0.00", "total_price": "432.79", "is_paid": true, "paid_at": "2024-03-05T13:02:21.257Z", "is_delivered": false, "delivered_at": null, "created_at": "2024-03-05T13:01:37.586Z"}}, {"model": "orders.order", "pk": 7, "fields": {"user": 3, "payment_method": "PayPal", "tax_price": "7.05", "shipping_price": "10.00", "total_price": "103.04", "is_paid": false, "paid_at": null, "is_delivered": false, "delivered_at": null, "created_at": "2024-03-05T14:19:08.105Z"}}, {"model": "orders.orderitem", "pk": 1, "fields": {"product": 3, "order": 1, "name": "Cannon EOS 80D DSLR Camera", "quantity": 1, "price": "929.99", "image": "/images/camera.jpg"}}, {"model": "orders.orderitem", "pk": 2, "fields": {"product": 4, "order": 1, "name": "Sony Playstation 4 Pro White Version", "quantity": 1, "price": "399.99", "image": "/images/playstation.jpg"}}, {"model": "orders.orderitem", "pk": 3, "fields": {"product": 4, "order": 2, "name": "Sony Playstation 4 Pro White Version", "quantity": 1, "price": "399.99", "image": "/images/playstation.jpg"}}, {"model": "orders.orderitem", "pk": 4, "fields": {"product": 4, "order": 3, "name": "Sony Playstation 4 Pro White Version", "quantity": 1, "price": "399.99", "image": "/images/playstation.jpg"}}, {"model": "orders.orderitem", "pk": 5, "fields": {"product": 5, "order": 3, "name": "Logitech G-Series Gaming Mouse", "quantity": 1, "price": "49.99", "image": "/images/mouse.jpg"}}, {"model": "orders.orderitem", "pk": 6, "fields": {"product": 1, "order": 4, "name": "Airpods Wireless Bluetooth Headphones", "quantity": 1, "price": "85.99", "image": "/images/airpods.jpg"}}, {"model": "orders.orderitem", "pk": 7, "fields": {"product": 1, "order": 5, "name": "Airpods Wireless Bluetooth Headphones", "quantity": 1, "price": "49.99", "image": "/images/airpods.jpg"}}, {"model": "orders.orderitem", "pk": 8, "fields": {"product": 4, "order": 5, "name": "Sony Playstation 4 Pro White Version", "quantity": 1, "price": "399.99", "image": "/images/playstation.jpg"}}, {"model": "orders.orderitem", "pk": 9, "fields": {"product": 5, "order": 5, "name": "Logitech G-Series Gaming Mouse", "quantity": 1, "price": "85.99", "image": "/images/mouse.jpg"}}, {"model": "orders.orderitem", "pk": 10, "fields": {"product": 4, "order": 6, "name": "Sony Playstation 4 Pro White Version", "quantity": 1, "price": "399.99", "image": "/images/playstation.jpg"}}, {"model": "orders.orderitem", "pk": 11, "fields": {"product": 1, "order": 7, "name": "Airpods Wireless Bluetooth Headphones", "quantity": 1, "price": "85.99", "image": "/images/airpods.jpg"}}, {"model": "orders.shippingaddress", "pk": 1, "fields": {"order": 1, "address": "1600 PA Ave", "city": "Washington", "postal_code": "8888888", "country": "USA"}}, {"model": "orders.shippingaddress", "pk": 2, "fields": {"order": 2, "address": "1600 PA Ave", "city": "Washington", "postal_code": "8888888", "country": "USA"}}, {"model": "orders.shippingaddress", "pk": 3, "fields": {"order": 3, "address": "1600 PA Ave", "city": "Washington", "postal_code": "8888888", "country": "USA"}}, {"model": "orders.shippingaddress", "pk": 4, "fields": {"order": 4, "address": "1600 PA Ave", "city": "Washington", "postal_code": "8888888", "country": "USA"}}, {"model": "orders.shippingaddress", "pk": 5, "fields": {"order": 5, "address": "1600 PA Ave", "city": "New York", "postal_code": "1111", "country": "USA"}}, {"model": "orders.shippingaddress", "pk": 6, "fields": {"order": 6, "address": "1600 PA Ave", "city": "New York", "postal_code": "1111", "country": "USA"}}, {"model": "orders.shippingaddress", "pk": 7, "fields": {"order": 7, "address": "1600 PA Ave", "city": "New York", "postal_code": "1111", "country": "USA"}}]